Open,High,Low,Adj Close,RSI,EMAF,EMAM,EMAS,Target,TargetClass,TargetNextClose,predicted,PredictionResult,AcctualResult,diff,ATR
15951.5498046875,16146.900390625,15914.349609375,16130.75,65.34511198268709,15813.420634963712,15253.555085874114,14828.472640337239,63.5498046875,1,16258.7998046875,15857.293,0,1,128.0498046875,
16195.25,16290.2001953125,16176.150390625,16258.7998046875,68.75752054337671,15855.83769874693,15273.46092189022,14847.417370990885,5.6494140625,1,16294.599609375,16105.771,0,1,35.7998046875,
16288.9501953125,16349.4501953125,16210.2998046875,16294.599609375,69.6526428081248,15897.624547378175,15293.681489959226,14866.585347658225,-66.2001953125,0,16238.2001953125,16242.056,0,0,56.3994140625,
16304.400390625,16336.75,16223.2998046875,16238.2001953125,66.43956808634016,15930.06032337192,15312.38483065929,14884.752431733117,-23.099609375,0,16258.25,16293.786,1,1,20.0498046875,
16281.349609375,16320.75,16179.0498046875,16258.25,67.01905692244455,15961.316483050783,15331.114834012571,14902.944452504866,5.2998046875,1,16280.099609375,16265.174,1,1,21.849609375,
16274.7998046875,16359.25,16202.25,16280.099609375,67.67084827718895,15991.676780795948,15349.906611742519,14921.184918158775,-45.0498046875,0,16282.25,16284.647,1,1,2.150390625,
16327.2998046875,16338.75,16162.5498046875,16282.25,67.73807975279546,16019.350420720144,15368.36885705455,14939.212270236143,60.75,1,16364.400390625,16329.423,1,1,82.150390625,
16303.650390625,16375.5,16286.900390625,16364.400390625,70.26881144280483,16052.212322615844,15388.092253758914,14958.088934082352,143.400390625,1,16529.099609375,16324.772,0,1,164.69921875,
16385.69921875,16543.599609375,16376.2998046875,16529.099609375,74.55611676973186,16097.63015945005,15410.686458820619,14978.897022496825,44.650390625,1,16563.05078125,16392.512,0,1,33.951171875,
16518.400390625,16589.400390625,16480.75,16563.05078125,75.34147130435068,16141.955932954806,15433.50555431427,14999.879191486934,69.349609375,1,16614.599609375,16532.35,0,1,51.548828125,
16545.25,16628.55078125,16495.400390625,16614.599609375,76.52043300335265,16186.969616423397,15456.89355540458,15021.266216889426,-123.099609375,0,16568.849609375,16594.219,0,0,45.75,
16691.94921875,16701.849609375,16535.849609375,16568.849609375,73.19279267135589,16223.339139561645,15478.91248716637,15041.76401016738,68.0,1,16450.5,16643.16,1,0,118.349609375,
16382.5,16509.55078125,16376.0498046875,16450.5,65.31975286448657,16244.973507222441,15498.151843856145,15060.422764999601,-95.80078125,0,16496.44921875,16620.387,1,1,45.94921875,
16592.25,16592.5,16395.69921875,16496.44921875,66.80507399821427,16268.92357498697,15517.920108705528,15079.44298293007,63.19921875,1,16624.599609375,16436.01,0,1,128.150390625,
16561.400390625,16647.099609375,16495.30078125,16624.599609375,70.57136076076479,16302.797483023925,15539.83455426334,15099.90863361146,-19.349609375,0,16634.650390625,16507.824,0,1,10.05078125,
16654.0,16712.44921875,16617.5,16634.650390625,70.8492898017484,16334.402521843074,15561.51407577545,15120.236339002367,8.951171875,1,16636.900390625,16657.56,1,1,2.25,150.7506322717507
16627.94921875,16683.69921875,16603.400390625,16636.900390625,70.91517322397547,16363.211842679448,15582.808854287323,15140.324604586773,62.6484375,1,16705.19921875,16707.035,1,1,68.298828125,144.14095555302922
16642.55078125,16722.05078125,16565.599609375,16705.19921875,72.90668600352205,16395.782068971883,15605.034406058861,15161.051420668406,155.201171875,1,16931.05078125,16705.795,1,1,225.8515625,145.26080853525332
16775.849609375,16951.5,16764.849609375,16931.05078125,78.19625984827904,16446.7600415698,15631.292156062647,15184.49512080856,184.69921875,1,17132.19921875,16765.135,0,1,201.1484375,154.19791995115804
16947.5,17153.5,16915.849609375,17132.19921875,81.62039910077988,16512.03996320601,15661.013087997051,15210.292526079307,-109.349609375,0,17076.25,16936.133,0,0,55.94921875,161.39268187717923
17185.599609375,17225.75,17055.05078125,17076.25,77.97121873312504,16565.774252424486,15689.037581304041,15235.007194608059,138.75,1,17234.150390625,17103.309,1,1,157.900390625,162.17644844863682
17095.400390625,17245.5,17059.69921875,17234.150390625,80.59465429303395,16629.429122729296,15719.633874557921,15261.4859124361,61.150390625,1,17323.599609375,17114.385,0,1,89.44921875,164.1237251150209
17262.44921875,17340.099609375,17212.19921875,17323.599609375,81.9027768725953,16695.540597647934,15751.395572277072,15288.798676633965,-21.548828125,0,17377.80078125,17238.559,0,1,54.201171875,161.1962881172185
17399.349609375,17429.55078125,17345.55078125,17377.80078125,82.66158470850986,16760.517757990987,15783.60161601911,15316.46757868186,-39.451171875,0,17362.099609375,17379.105,1,0,15.701171875,156.81188665442528
17401.55078125,17436.5,17287.0,17362.099609375,81.59965733547045,16817.811267646608,15814.859002026158,15343.562042664551,-22.25,0,17353.5,17447.799,1,0,8.599609375,156.24121860665656
17375.75,17383.400390625,17254.19921875,17353.5,80.98909848133937,16868.829242156455,15845.327140599897,15370.183737463696,56.400390625,1,17369.25,17475.842,1,1,15.75,154.16314140199108
17312.849609375,17379.650390625,17302.69921875,17369.25,81.26418970555619,16916.488361951077,15875.503830885047,15396.661436305238,-8.25,0,17355.30078125,17475.914,1,0,13.94921875,148.3132170229151
17363.55078125,17378.349609375,17269.150390625,17355.30078125,80.16345414721597,16958.280020931925,15904.806740793265,15422.603679284639,-40.349609375,0,17380.0,17484.89,1,1,24.69921875,145.38855950446188
17420.349609375,17438.55078125,17367.05078125,17380.0,80.66042092748373,16998.443828462216,15934.01848850033,15448.529458366962,131.798828125,1,17519.44921875,17464.38,1,1,139.44921875,140.7986250847325
17387.650390625,17532.69921875,17386.900390625,17519.44921875,83.20561806846983,17048.063389442003,15965.413156426066,15475.958859166738,90.30078125,1,17629.5,17498.148,0,1,110.05078125,141.66779667834982
17539.19921875,17644.599609375,17510.44921875,17629.5,84.88734488211013,17103.43830473324,15998.365371150303,15504.482582886385,-124.5,0,17585.150390625,17602.244,0,0,44.349609375,141.12447989237614
17709.650390625,17792.94921875,17537.650390625,17585.150390625,81.36921831496822,17149.31564624674,16029.786856684455,15532.04109689617,-46.94921875,0,17396.900390625,17703.344,1,0,188.25,149.29649675749607
17443.849609375,17622.75,17361.80078125,17396.900390625,68.46465424700345,17172.895145711336,16056.85841181199,15556.741219991916,111.5,1,17562.0,17685.12,1,1,165.099609375,157.21615840248148
17450.5,17578.349609375,17326.099609375,17562.0,72.5546778256272,17209.952750881686,16086.663195736506,15583.300938932422,-34.25,0,17546.650390625,17429.975,0,0,15.349609375,163.9006644917054
17580.900390625,17610.44921875,17524.0,17546.650390625,71.62926983684595,17242.019192762004,16115.57383325905,15609.305567431662,152.099609375,1,17822.94921875,17565.309,1,1,276.298828125,158.49524048267597
17670.849609375,17843.900390625,17646.55078125,17822.94921875,77.23032237841889,17297.345861903716,16149.383246833127,15638.625350892833,-44.25,0,17853.19921875,17656.54,0,1,30.25,168.1089969451469
17897.44921875,17947.650390625,17819.400390625,17853.19921875,77.74569660661805,17350.284276841456,16183.122176970095,15667.957455102864,-77.099609375,0,17855.099609375,17830.887,0,1,1.900390625,165.36594240383968
17932.19921875,17943.5,17802.900390625,17855.099609375,77.7795497806185,17398.361927558937,16216.230640978112,15696.926225358126,-157.849609375,0,17748.599609375,17963.0,1,0,106.5,163.67225158765942
17906.44921875,17912.849609375,17576.099609375,17748.599609375,71.26984690075628,17431.717897255705,16246.574580946366,15724.100707265634,53.3515625,1,17711.30078125,17996.072,1,0,37.298828125,175.4392187696555
17657.94921875,17781.75,17608.150390625,17711.30078125,69.09974082490496,17458.344838588495,16275.5790601603,15750.421238046883,-100.75,0,17618.150390625,17869.322,1,0,93.150390625,175.3148324442379
17718.900390625,17742.150390625,17585.349609375,17618.150390625,63.89394027224101,17473.564414972923,16302.164631060592,15775.159372518117,0.150390625,1,17532.05078125,17789.104,1,0,86.099609375,174.0693647742761
17531.900390625,17557.150390625,17452.900390625,17532.05078125,59.45785326454111,17479.134545094552,16326.518812252461,15798.429457401984,75.69921875,1,17691.25,17699.02,1,1,159.19921875,173.47889046943916
17615.55078125,17750.900390625,17581.349609375,17691.25,64.35994787785062,17499.33601699031,16353.543192207859,15823.499928164872,160.951171875,1,17822.30078125,17567.256,0,1,131.05078125,176.50308804773894
17661.349609375,17833.44921875,17640.900390625,17822.30078125,67.79447704669774,17530.094565967425,16382.627500901763,15849.974111649444,-215.5,0,17646.0,17726.291,0,0,176.30078125,177.56819539599184
17861.5,17884.599609375,17613.150390625,17646.0,59.526202281794305,17541.13317873243,16407.64477811163,15873.762534011705,-20.201171875,0,17790.349609375,17862.602,1,1,144.349609375,183.77588338734444
17810.55078125,17857.55078125,17763.80078125,17790.349609375,63.437989748919236,17564.868076888866,16435.025071800013,15899.147793288039,8.349609375,1,17895.19921875,17705.768,0,1,104.849609375,185.60581121890843
17886.849609375,17941.849609375,17840.349609375,17895.19921875,65.99569022993578,17596.328185637547,16463.939411343577,15925.585560512702,78.3984375,1,17945.94921875,17816.63,0,1,50.75,183.3663548603754
17867.55078125,18041.94921875,17839.099609375,17945.94921875,67.18613554982947,17629.625426886352,16493.28614020311,15952.345344065516,76.1484375,1,17991.94921875,17993.717,1,1,46.0,184.64163220221843
17915.80078125,18008.650390625,17864.94921875,17991.94921875,68.26507716247228,17664.13245468289,16522.962636808,15979.359964922265,63.900390625,1,18161.75,18029.037,1,1,169.80078125,181.9697679281228
18097.849609375,18197.80078125,18050.75,18161.75,71.9170561567006,17711.52460185595,16555.413871722692,16008.26579320144,65.701171875,1,18338.55078125,18063.998,0,1,176.80078125,183.52405300695077
18272.849609375,18350.75,18248.69921875,18338.55078125,75.11216503137311,17771.24138084586,16590.72351349551,16039.1304950299,-23.048828125,0,18477.05078125,18204.188,0,1,138.5,183.8795229365805
18500.099609375,18543.150390625,18445.30078125,18477.05078125,77.28161346397508,17838.461323741492,16628.07652869857,16071.420829946723,-183.599609375,0,18418.75,18376.262,0,0,58.30078125,185.22132276279126
18602.349609375,18604.44921875,18377.69921875,18418.75,74.35827342599082,17893.72691195659,16663.5354093184,16102.511282530211,-173.30078125,0,18266.599609375,18548.006,1,0,152.150390625,187.90459389384486
18439.900390625,18458.30078125,18209.349609375,18266.599609375,67.24565807597139,17929.23859742501,16695.279254864075,16131.174704077825,-204.599609375,0,18178.099609375,18561.898,1,0,88.5,191.84065026991243
18382.69921875,18384.19921875,18048.0,18178.099609375,63.4625317643109,17952.939646182153,16724.642034161323,16158.286292227456,-115.798828125,0,18114.900390625,18409.588,1,0,63.19921875,201.12999567207166
18230.69921875,18314.25,18034.349609375,18114.900390625,60.84354810751759,17968.364478986234,16752.171902606147,16184.201710749277,-104.099609375,0,18125.400390625,18307.305,1,1,10.5,206.18944500308004
18229.5,18241.400390625,17968.5,18125.400390625,61.12909723297784,17983.32028009469,16779.364545933255,16209.912951542336,113.900390625,1,18268.400390625,18240.72,1,1,143.0,210.46691031716276
18154.5,18310.44921875,18099.30078125,18268.400390625,64.86758114527817,18010.470766811864,16808.85040424398,16237.177685834822,-84.900390625,0,18210.94921875,18229.74,0,0,57.451171875,210.51053877457545
18295.849609375,18342.05078125,18167.900390625,18210.94921875,62.28884307881366,18029.563952710734,16836.614737204498,16263.320355144959,-330.400390625,0,17857.25,18327.953,1,0,353.69921875,208.18644018923345
18187.650390625,18190.69921875,17799.44921875,17857.25,49.34835540385381,18013.153100071617,16856.825336467777,16284.432006070192,-161.400390625,0,17671.650390625,18291.182,1,0,185.599609375,221.16359507106498
17833.05078125,17915.849609375,17613.099609375,17671.650390625,44.187241434807206,17980.629032505272,16872.960486055046,16302.805759508006,146.5,1,17929.650390625,17941.71,1,1,258.0,226.36420712204094
17783.150390625,17954.099609375,17697.099609375,17929.650390625,51.70935136274601,17975.77392375477,16893.885038620785,16324.353370516179,-81.951171875,0,17888.94921875,17729.314,0,0,40.701171875,229.9348278180518
17970.900390625,18012.25,17847.599609375,17888.94921875,50.55764062138049,17967.504904230504,16913.589279811462,16345.076494333845,-118.75,0,17829.19921875,17895.6,1,0,59.75,225.78336498904605
17947.94921875,17988.75,17757.94921875,17829.19921875,48.846437965409045,17954.332934184742,16931.720169691434,16364.733748961875,-18.25,0,17916.80078125,17893.463,1,1,87.6015625,226.10207692606502
17935.05078125,17947.55078125,17900.599609375,17916.80078125,51.428876325783186,17950.75844342905,16951.22671645497,16385.290928197483,28.3515625,1,18068.55078125,17820.469,0,1,151.75,219.26462469190963
18040.19921875,18087.80078125,17836.099609375,18068.55078125,55.5900377001336,17961.97676131676,16973.35194546081,16407.585760688246,-40.099609375,0,18044.25,17908.47,0,0,24.30078125,221.3209624058971
18084.349609375,18112.599609375,17983.05078125,18044.25,54.78475039151212,17969.81230785802,16994.55784753089,16429.26343273211,43.75,1,18017.19921875,18035.195,0,0,27.05078125,215.5082099307589
17973.44921875,18061.25,17915.0,18017.19921875,53.85429189551522,17974.32534699059,17014.808171713445,16450.295694798573,-93.849609375,0,17873.599609375,18040.44,1,0,143.599609375,211.1251435002806
17967.44921875,17971.349609375,17798.19921875,17873.599609375,49.110273735526874,17964.73241959863,17031.81394275625,16469.14740227641,125.150390625,1,18102.75,17997.508,1,1,229.150390625,211.62311933910178
17977.599609375,18123.0,17905.900390625,18102.75,55.77156151342298,17977.876951065427,17053.020597355135,16490.78452277606,-31.5,0,18109.44921875,17867.873,0,1,6.69921875,214.01025228732556
18140.94921875,18210.150390625,18071.30078125,18109.44921875,55.952162224763015,17990.407643225863,17073.939975996618,16512.223790272405,-127.8515625,0,17999.19921875,18020.516,0,0,110.25,209.26414997606713
18127.05078125,18132.650390625,17958.80078125,17999.19921875,52.194156835068284,17991.244936132924,17092.261941199657,16531.91882906019,-40.69921875,0,17898.650390625,18106.674,1,0,100.548828125,207.02930341830879
17939.349609375,18022.650390625,17879.25,17898.650390625,48.979625780244476,17982.42640798931,17108.23002930709,16550.021233849126,-125.75,0,17764.80078125,18004.102,1,0,133.849609375,203.01640852261238
17890.55078125,17945.599609375,17688.5,17764.80078125,45.02460333078011,17961.700157823663,17121.231430335665,16566.11102917894,-379.69921875,0,17416.55078125,17902.795,1,0,348.25,206.42534904666346
17796.25,17805.25,17280.44921875,17416.55078125,36.751852162953185,17909.781169578553,17127.07933827456,16577.37513185538,221.599609375,1,17503.349609375,17757.193,1,1,86.798828125,226.4823436057484
17281.75,17553.69921875,17216.099609375,17503.349609375,39.71007424991618,17871.07340194012,17134.530234731992,16589.639694471534,-135.0,0,17415.05078125,17451.281,0,0,88.298828125,233.479017929622
17550.05078125,17600.599609375,17354.0,17415.05078125,37.78390643542073,17827.64267616011,17140.08509703928,16600.572291647408,118.94921875,1,17536.25,17376.291,0,1,121.19921875,234.30479142433245
17417.30078125,17564.349609375,17351.69921875,17536.25,41.92656411898316,17799.89099271629,17147.929946602857,16612.965373877243,-312.30078125,0,17026.44921875,17299.758,0,0,509.80078125,232.94251933587637
17338.75,17355.400390625,16985.69921875,17026.44921875,32.24916448114399,17726.229871386167,17145.524387635473,16618.4419810941,-1.8515625,0,17053.94921875,17335.959,1,1,27.5,252.91498026122184
17055.80078125,17160.69921875,16782.400390625,17053.94921875,33.14108093151846,17662.203142563674,17143.71101795457,16624.21028887762,-67.951171875,0,16983.19921875,17045.998,0,0,70.75,260.7965853183932
17051.150390625,17324.650390625,16931.400390625,16983.19921875,31.980561086315603,17597.53610220047,17140.532566485173,16628.96510914083,62.5,1,17166.900390625,16871.848,0,1,183.701171875,269.119587301139
17104.400390625,17213.05078125,17064.25,17166.900390625,38.01860103979741,17556.52317728852,17141.054701616657,16636.090079756515,218.451171875,1,17401.650390625,16804.434,0,1,234.75,266.6529262551596
17183.19921875,17420.349609375,17149.30078125,17401.650390625,44.7354622771554,17541.77338808247,17146.21501229009,16646.229951423647,-228.201171875,0,17196.69921875,16917.969,0,0,204.951171875,266.9289720804752
17424.900390625,17489.80078125,17180.80078125,17196.69921875,40.617983329110324,17508.90918147938,17147.214699546723,16653.520935096843,-296.80078125,0,16912.25,17157.275,0,0,284.44921875,269.57008949904946
17209.05078125,17216.75,16891.69921875,16912.25,35.72801636296304,17452.084497528962,17142.561933219065,16656.947810128673,132.599609375,1,17176.69921875,17084.498,1,1,264.44921875,273.0520666574031
17044.099609375,17251.650390625,16987.75,17176.69921875,42.610154568174615,17425.85732812144,17143.23791907116,16663.831934746177,154.5,1,17469.75,16873.346,0,1,293.05078125,277.21501512793577
17315.25,17484.599609375,17308.94921875,17469.75,49.083437377994265,17430.037582586065,17149.70350483213,16674.506346206494,-7.55078125,0,17516.849609375,16996.822,0,1,47.099609375,279.13986399709785
17524.400390625,17543.25,17379.599609375,17516.849609375,50.053571127476246,17438.3053946612,17156.97372472407,16685.66321061932,35.25,1,17511.30078125,17216.77,0,0,5.548828125,271.8970329948238
17476.05078125,17534.349609375,17405.25,17511.30078125,49.93347982360424,17445.257336241088,17163.99010208102,16696.59880758132,-250.849609375,0,17368.25,17313.086,0,0,143.05078125,262.9435234106144
17619.099609375,17639.5,17355.94921875,17368.25,46.829973808285814,17437.923304218126,17168.034852534864,16705.494849865012,41.701171875,1,17324.900390625,17356.09,0,0,43.349609375,264.2353551418311
17283.19921875,17376.19921875,17225.80078125,17324.900390625,45.90364303840119,17427.159217209257,17171.141100813875,16713.698896762497,-102.25,0,17221.400390625,17305.049,0,0,103.5,257.1004673457329
17323.650390625,17351.19921875,17192.19921875,17221.400390625,43.69273930198654,17407.56313848695,17172.13633427548,16720.423419860013,-124.599609375,0,17248.400390625,17224.42,1,1,27.0,250.95296794712655
17373.0,17379.349609375,17184.94921875,17248.400390625,44.44067842654177,17392.404781547713,17173.646513609132,16727.416492320477,-290.80078125,0,16985.19921875,17133.865,0,0,263.201171875,247.40966717117468
17276.0,17298.150390625,16966.44921875,16985.19921875,39.02632297114509,17353.6232993765,17169.91488400796,16730.83083306789,-210.05078125,0,16614.19921875,17103.451,1,0,371.0,252.69013159052415
16824.25,16840.099609375,16410.19921875,16614.19921875,32.9614500279295,17283.20195836445,17158.910613408792,16729.286043474272,-2.30078125,0,16770.849609375,16941.14,1,1,156.650390625,272.8783888215824
16773.150390625,16936.400390625,16688.25,16770.849609375,37.364990727577485,17234.40649655593,17151.22623709129,16729.836554280904,89.8984375,1,16955.44921875,16590.818,0,1,184.599609375,275.96735863890433
16865.55078125,16971.0,16819.5,16955.44921875,42.1618228413669,17207.839136764887,17147.34946445087,16732.824801492414,5.798828125,1,17072.599609375,16573.484,0,1,117.150390625,271.219726392038
17066.80078125,17118.650390625,17015.55078125,17072.599609375,45.02456500034791,17194.959181775375,17145.86926930085,16737.32513007364,-145.75,0,17003.75,16673.15,0,0,68.849609375,264.4564512123131
17149.5,17155.599609375,16909.599609375,17003.75,43.66371796144917,17176.748783511055,17143.0550263444,16740.85393629783,148.5,1,17086.25,16823.082,0,1,82.5,263.3009825075049
16937.75,17112.05078125,16833.19921875,17086.25,45.76812664447652,17168.129851748097,17141.93017433758,16745.428718598523,55.650390625,1,17233.25,16826.715,0,1,147.0,264.2744263914066
17177.599609375,17250.25,17161.150390625,17233.25,49.37812294944471,17174.33177062923,17143.738487717033,16751.889927623706,-6.5,0,17213.599609375,16866.912,0,0,19.650390625,257.99801048416555
17220.099609375,17285.94921875,17176.650390625,17213.599609375,48.91180416540509,17178.071564795493,17145.121876264715,16758.005287646905,2.5,1,17203.94921875,17003.123,0,0,9.650390625,248.69143323804386
17201.44921875,17264.05078125,17146.349609375,17203.94921875,48.66995410615321,17180.53610326735,17146.28677413571,16763.91182978072,109.55078125,1,17354.05078125,17030.469,0,1,150.1015625,240.49390722662082
17244.5,17400.80078125,17238.5,17354.05078125,52.5776364677627,17197.06131069427,17150.400912890447,16771.72823973396,238.548828125,1,17625.69921875,17051.945,0,1,271.6484375,237.76293921867145
17387.150390625,17646.650390625,17383.30078125,17625.69921875,58.67749134736855,17237.88396860434,17159.81276053123,16783.039113628212,123.849609375,1,17805.25,17175.283,0,1,179.55078125,241.19414338933004
17681.400390625,17827.599609375,17593.55078125,17805.25,62.12737920514808,17291.91882873726,17172.593695966254,16796.578330666252,105.150390625,1,17925.25,17404.432,0,1,120.0,240.7470833027332
17820.099609375,17944.69921875,17748.849609375,17925.25,64.26378627248776,17352.236083143234,17187.497781194645,16811.527624299815,-22.599609375,0,17745.900390625,17605.234,0,0,179.349609375,237.938176275974
17768.5,17797.94921875,17655.55078125,17745.900390625,58.93965619844966,17389.72792195102,17198.555258609107,16823.90342252929,15.099609375,1,17812.69921875,17761.432,1,1,66.798828125,239.92510815768864
17797.599609375,17905.0,17704.55078125,17812.69921875,60.253702471011195,17430.010902598544,17210.716525146552,16837.000055591816,90.0,1,18003.30078125,17676.926,0,1,190.6015625,237.45569004719556
17913.30078125,18017.44921875,17879.150390625,18003.30078125,63.795854633942454,17484.60993866059,17226.41126289117,16852.44774732239,58.0,1,18055.75,17719.393,0,1,52.44921875,235.40989513590978
17997.75,18081.25,17964.400390625,18055.75,64.72277149653931,17539.004230216724,17242.83381214085,16868.38552550355,41.94921875,1,18212.349609375,17887.93,0,1,156.599609375,227.99413654396898
18170.400390625,18227.94921875,18128.80078125,18212.349609375,67.3933397128736,17603.13236156513,17262.03214475935,16886.186374296547,0.80078125,1,18257.80078125,17982.512,0,1,45.451171875,224.5044215450236
18257.0,18272.25,18163.80078125,18257.80078125,68.14328206766513,17665.481734868452,17281.750335580946,16904.353452534342,70.75,1,18255.75,18127.52,0,0,2.05078125,217.2460328772155
18185.0,18286.94921875,18119.650390625,18255.75,68.06759887044576,17721.697760119077,17301.03745764865,16922.252744553756,72.44921875,1,18308.099609375,18221.326,0,1,52.349609375,214.12234010088068
18235.650390625,18321.55078125,18228.75,18308.099609375,69.008988700609,17777.545555286306,17320.97928243531,16940.608332167285,-224.1484375,0,18113.05078125,18247.584,0,0,195.048828125,206.5352056122226
18337.19921875,18350.94921875,18085.900390625,18113.05078125,61.74263985732954,17809.498433949513,17336.663866570252,16956.137371227982,-190.798828125,0,17938.400390625,18292.197,1,0,174.650390625,210.19435841103487
18129.19921875,18129.19921875,17884.900390625,17938.400390625,56.077760308785734,17821.77481077575,17348.57944130401,16969.14747744516,-164.0,0,17757.0,18138.092,1,0,181.400390625,212.32700864778073
17921.0,17943.69921875,17648.44921875,17757.0,50.8825163435899,17815.60578117806,17356.666977119774,16979.58261019423,3.451171875,1,17617.150390625,17960.414,1,0,139.849609375,217.51225054100377
17613.69921875,17707.599609375,17485.849609375,17617.150390625,47.26553609069483,17796.705267792055,17361.825064515917,16988.02721655755,-426.05078125,0,17149.099609375,17783.805,1,0,468.05078125,220.86618359896778
17575.150390625,17599.400390625,16997.849609375,17149.099609375,37.66473603455565,17735.028538419003,17357.612679265603,16990.16062573394,276.3984375,1,17277.94921875,17576.143,1,1,128.849609375,245.7791348814462
17001.55078125,17309.150390625,16836.80078125,17277.94921875,41.18828289686707,17691.497174641,17356.035184997967,16993.972395177865,48.150390625,1,17110.150390625,17193.166,0,0,167.798828125,259.9455410771622
17062.0,17182.5,16866.75,17110.150390625,38.177221524336865,17636.130814258526,17351.1661791688,16995.511176574517,-106.3515625,0,17101.94921875,17080.258,0,0,8.201171875,269.40249547180923
17208.30078125,17373.5,17077.099609375,17101.94921875,38.03162833677876,17585.256376591045,17346.231189853577,16996.92095196757,38.798828125,1,17339.849609375,16921.023,0,1,237.900390625,271.09046624531305
17301.05078125,17410.0,17264.150390625,17339.849609375,44.59825931951152,17561.88430352285,17346.104821923305,17001.463053390187,47.400390625,1,17576.849609375,16855.486,0,1,237.0,273.40125896829693
17529.44921875,17622.400390625,17244.55078125,17576.849609375,50.22783280596345,17563.309570746864,17350.67402563522,17009.08406737674,73.80078125,1,17780.0,17093.918,0,1,203.150390625,279.9313288565825
17706.19921875,17794.599609375,17674.80078125,17780.0,54.476209678518565,17583.946754485256,17359.17553007809,17019.294874431354,-207.55078125,0,17560.19921875,17349.734,0,0,219.80078125,276.04385279693105
17767.75,17781.150390625,17511.150390625,17560.19921875,49.57119135084588,17581.685084415232,17363.156197180506,17026.459170382597,-73.8984375,0,17516.30078125,17556.227,0,0,43.8984375,275.66600784557556
17590.19921875,17617.80078125,17462.55078125,17516.30078125,48.63415131387014,17575.458007923306,17366.188763201684,17032.94713873846,-242.701171875,0,17213.599609375,17487.365,0,0,302.701171875,268.1380619957474
17456.30078125,17536.75,17119.400390625,17213.599609375,42.67444407352013,17540.995303299656,17363.167195799175,17035.33988669391,-13.099609375,0,17266.75,17438.158,1,1,53.150390625,277.4660435711138
17279.849609375,17306.44921875,17043.650390625,17266.75,43.9662255250971,17514.876702985403,17361.25794439721,17038.404921307236,93.701171875,1,17463.80078125,17216.371,0,1,197.05078125,276.54913435224984
17370.099609375,17477.150390625,17339.0,17463.80078125,48.56978767080842,17510.01232948679,17363.288495622015,17044.039303558133,51.75,1,17605.849609375,17118.98,0,1,142.048828125,272.41395736534264
17554.099609375,17639.44921875,17427.150390625,17605.849609375,51.63856933093755,17519.139689476146,17368.09168599336,17051.48049966167,-76.25,0,17374.75,17239.387,0,0,231.099609375,268.6560116190332
17451.0,17454.75,17303.0,17374.75,46.7736695771146,17505.388290478415,17368.223533795473,17055.76221489794,-233.349609375,0,16842.80078125,17373.523,0,0,531.94921875,270.7935115026086
17076.150390625,17099.5,16809.650390625,16842.80078125,37.9550031834233,17442.284718170948,17357.81912285398,17052.94153365757,419.19921875,1,17352.44921875,17266.166,1,1,509.6484375,289.19087041890066
16933.25,17375.0,16839.25,17352.44921875,48.01588155980022,17433.728956321334,17357.712788119246,17056.90852286409,-86.25,0,17322.19921875,16878.139,0,0,30.25,304.6033511163441
17408.44921875,17490.599609375,17257.69921875,17322.19921875,47.52579093935279,17423.107076552635,17357.009549121834,17060.42230691556,-91.951171875,0,17304.599609375,17018.322,0,0,17.599609375,300.121224927109
17396.55078125,17442.900390625,17235.849609375,17304.599609375,47.22531670564532,17411.820651107148,17355.97172853279,17063.656443371976,40.25,1,17276.30078125,17090.953,0,0,28.298828125,294.30348115185654
17236.05078125,17380.80078125,17219.19921875,17276.30078125,46.71648207582856,17398.91399683504,17354.39408601234,17066.472924668375,14.400390625,1,17206.650390625,17113.365,0,0,69.650390625,286.0084870137354
17192.25,17351.05078125,17070.69921875,17206.650390625,45.425790130343486,17380.60317719599,17351.468468281895,17068.32957984661,244.25,1,17092.19921875,17141.836,0,0,114.451171875,285.6548843030146
16847.94921875,17148.55078125,16843.80078125,17092.19921875,43.31867834089543,17353.136133534466,17346.33442373671,17068.645734004273,-131.25,0,17063.25,17062.854,0,0,28.94921875,290.4801293952831
17194.5,17220.69921875,17027.849609375,17063.25,42.78088590673572,17325.527930340708,17340.728791583504,17068.57426732872,-300.9501953125,0,16247.9501953125,16904.537,0,0,815.2998046875,284.3775403967866
16548.900390625,16705.25,16203.25,16247.9501953125,31.122124009545107,17222.90147938564,17319.089611459327,17057.705074321886,142.75,1,16658.400390625,16858.184,1,1,410.4501953125,320.3577110252505
16515.650390625,16748.80078125,16478.30078125,16658.400390625,39.94939391739589,17169.139470932245,17306.00665659132,17052.41627056431,312.30078125,1,16793.900390625,16346.078,0,1,135.5,331.6396230325931
16481.599609375,16815.900390625,16356.2998046875,16793.900390625,42.55346336758546,17133.40241566489,17295.86593845337,17048.992219174386,12.849609375,1,16605.94921875,16408.686,0,0,187.951171875,339.6379191861334
16593.099609375,16678.5,16478.650390625,16605.94921875,39.97705371624777,17083.16877786347,17282.20422123152,17043.12409996347,-225.1484375,0,16498.05078125,16424.996,0,0,107.8984375,338.113542736529
16723.19921875,16768.94921875,16442.94921875,16498.05078125,38.54174691977355,17027.443254376474,17266.676430340798,17035.904585808323,-94.1005859375,0,16245.349609375,16336.74,0,0,252.701171875,337.35638508149003
16339.4501953125,16456.0,16133.7998046875,16245.349609375,35.356396090072465,16952.958145328714,17246.452136856326,17025.433658968148,-4.7998046875,0,15863.150390625,16277.194,1,0,382.19921875,339.0374245036574
15867.9501953125,15944.599609375,15711.4501953125,15863.150390625,31.180457341901704,16849.166930595027,17219.060023069567,17010.039178592746,265.7001953125,1,16013.4501953125,16109.046,1,1,150.2998046875,351.21716458997673
15747.75,16028.75,15671.4501953125,16013.4501953125,34.44286293696145,16769.574860568122,17195.18656113378,16996.839324509565,267.349609375,1,16345.349609375,15763.951,0,1,331.8994140625,351.5973549310926
16078.0,16418.05078125,15990.0,16345.349609375,41.054214111933476,16729.172455692587,17178.358106643507,16988.210321660103,-162.19921875,0,16594.900390625,15629.791,0,1,249.55078125,356.3759926112363
16757.099609375,16757.30078125,16447.900390625,16594.900390625,45.48331297412073,16716.384639971864,17166.804488504527,16983.000918600035,101.6484375,1,16630.44921875,15806.441,0,1,35.548828125,359.849644761178
16528.80078125,16694.400390625,16470.900390625,16630.44921875,46.10142820864771,16708.20031414121,17156.183592073743,16978.331359661624,237.6015625,1,16871.30078125,16138.847,0,1,240.8515625,351.32732402175435
16633.69921875,16887.94921875,16606.5,16871.30078125,50.20021093930994,16723.733691961093,17150.542348295057,16976.913736106504,-237.650390625,0,16663.0,16310.294,0,0,208.30078125,346.9597176151051
16900.650390625,16927.75,16555.0,16663.0,46.89564225808643,16717.94953082194,17140.888044368425,16972.75593827728,98.69921875,1,16975.349609375,16524.812,0,1,312.349609375,348.5716880559286
16876.650390625,16987.900390625,16837.849609375,16975.349609375,51.97480014375358,16742.46382401747,17137.610055556674,16972.790291536854,84.150390625,1,17287.05078125,16486.135,0,1,311.701171875,347.09216502898283
17202.900390625,17344.599609375,17175.75,17287.05078125,56.430396604531396,16794.32924851581,17140.56927784763,16976.952682129082,-211.900390625,0,17117.599609375,16670.777,0,0,169.451171875,348.4770884561508
17329.5,17353.349609375,17096.400390625,17117.599609375,53.537302756634055,16825.11690193097,17140.114432927377,16978.81555533764,195.099609375,1,17315.5,16968.732,0,1,197.900390625,342.75636912066005
17120.400390625,17334.400390625,17006.30078125,17315.5,56.33831622599547,16871.82005412802,17143.587414453566,16983.274951955682,-159.400390625,0,17245.650390625,17001.092,0,0,69.849609375,341.84028748615214
17405.05078125,17442.400390625,17199.599609375,17245.650390625,55.08255969111065,16907.422943318208,17145.608463486664,16986.750123328784,127.80078125,1,17222.75,17104.412,0,0,22.900390625,335.65010200650005
17094.94921875,17291.75,17091.150390625,17222.75,54.654631706932136,16937.454091573614,17147.136018665147,16989.87594950986,-136.0,0,17153.0,17128.883,0,0,69.75,327.20916965367076
17289.0,17294.900390625,17076.55078125,17153.0,53.30325979334995,16957.982273328507,17147.25213710742,16992.03653296006,40.150390625,1,17222.0,17083.863,0,1,69.0,320.40523814147633
17181.849609375,17235.099609375,17003.900390625,17222.0,54.49578520766789,16983.126818725792,17148.732292808265,16995.08240669569,28.1015625,1,17325.30078125,17065.52,0,1,103.30078125,314.8297013709503
17297.19921875,17343.650390625,17235.69921875,17325.30078125,56.28645237611205,17015.71481515667,17152.228698519983,16999.456160001042,30.099609375,1,17498.25,17053.916,0,1,172.94921875,302.7556684847512
17468.150390625,17522.5,17387.19921875,17498.25,59.16872098799546,17061.67054704651,17159.080605479983,17006.06270092818,-54.44921875,0,17464.75,17148.098,0,0,33.5,296.1582233960766
17519.19921875,17559.80078125,17435.19921875,17464.75,58.3699956070218,17100.059066375412,17165.13346477741,17012.13802939271,233.548828125,1,17670.44921875,17294.287,0,1,205.69921875,285.4356776658159
17436.900390625,17703.69921875,17422.69921875,17670.44921875,61.765553717715584,17154.381938030136,17175.139717331323,17020.857382894133,244.30078125,1,18053.400390625,17361.975,0,1,382.951171875,285.1584416445946
17809.099609375,18114.650390625,17791.400390625,18053.400390625,67.11571737184973,17240.00274303917,17192.531017792586,17034.533449221693,-123.19921875,0,17957.400390625,17494.053,0,0,96.0,295.0988195872186
18080.599609375,18095.44921875,17921.55078125,17957.400390625,64.68460925011124,17308.326328523537,17207.676945967487,17046.75685241909,-35.099609375,0,17807.650390625,17783.758,0,0,149.75,287.5236476027182
17842.75,17901.0,17779.849609375,17807.650390625,60.992173324117694,17355.88100110463,17219.557608237934,17056.83491252778,-83.75,0,17639.55078125,17858.98,1,0,168.099609375,280.65021747055914
17723.30078125,17787.5,17623.69921875,17639.55078125,57.07374863999582,17382.89717064228,17227.87430473322,17064.553003504232,86.19921875,1,17784.349609375,17803.984,1,1,144.798828125,274.6064232660171
17698.150390625,17842.75,17600.55078125,17784.349609375,59.47648473616446,17421.130736235875,17238.893617696427,17074.086733383316,-65.951171875,0,17674.94921875,17668.76,0,0,109.400390625,272.580940353783
17740.900390625,17779.05078125,17650.94921875,17674.94921875,56.89838282688367,17445.303925046745,17247.528382073728,17082.045176898107,-54.548828125,0,17530.30078125,17687.816,1,0,144.6484375,263.8820246171234
17584.849609375,17595.30078125,17442.349609375,17530.30078125,53.6066001902528,17453.398863732767,17253.127835522762,17087.98233722065,-124.25,0,17475.650390625,17634.645,1,0,54.650390625,261.9268459812289
17599.900390625,17663.650390625,17457.400390625,17475.650390625,52.37989942982582,17455.518056770125,17257.534222752507,17093.11701342468,-9.798828125,0,17173.650390625,17491.285,1,0,302.0,258.4469969158558
17183.44921875,17237.75,17067.849609375,17173.650390625,46.12990251904151,17428.673517137257,17255.873156769787,17094.183680672366,-300.298828125,0,16958.650390625,17436.238,1,0,215.0,267.7817246016666
17258.94921875,17275.650390625,16824.69921875,16958.650390625,42.28166423468756,17383.909409850377,17249.987557440185,17092.38853775783,91.30078125,1,17136.55078125,17155.39,1,1,177.900390625,279.22994861820433
17045.25,17186.900390625,16978.94921875,17136.55078125,46.25639638366451,17360.351445221768,17247.741284644337,17092.97346813521,158.0,1,17392.599609375,16932.943,0,1,256.048828125,276.0436669797831
17234.599609375,17414.69921875,17215.5,17392.599609375,51.41578640013938,17363.422698950646,17250.60976632217,17096.94202629733,-70.80078125,0,17171.94921875,16942.377,0,0,220.650390625,276.1752164861863
17242.75,17315.30078125,17149.19921875,17171.94921875,47.22949009916501,17345.18712940773,17249.05213171678,17097.935499045045,-55.1015625,0,16953.94921875,17142.836,0,0,218.0,274.12677017816895
17009.05078125,17054.30078125,16888.69921875,16953.94921875,43.48186085288291,17307.926376011754,17243.208509677832,17096.028395994777,79.5,1,17200.80078125,17056.172,1,1,246.8515625,274.6969771808403
17121.30078125,17223.849609375,17064.44921875,17200.80078125,48.445003261190145,17297.723938415395,17242.36875267926,17097.416109706766,-34.94921875,0,17038.400390625,16876.62,0,0,162.400390625,274.3971879882064
17073.349609375,17110.69921875,16958.44921875,17038.400390625,45.621104700261895,17273.02645767345,17238.32977521284,17096.63444455337,55.55078125,1,17245.05078125,16977.818,0,1,206.650390625,272.39432053076195
17189.5,17322.5,17071.05078125,17245.05078125,49.62452887914643,17270.362107537883,17238.4628644413,17098.600223847363,-226.69921875,0,17102.55078125,16894.34,0,0,142.5,273.1259065161422
17329.25,17377.650390625,17053.25,17102.55078125,47.06454657504396,17254.380076462847,17235.77153606127,17098.652549110975,144.650390625,1,17069.099609375,17010.303,0,0,33.451171875,276.3305840829267
16924.44921875,17092.25,16917.25,17069.099609375,46.461715675365205,17236.734317692575,17232.471101869465,17098.2611194456,-419.0,0,16677.599609375,16996.588,0,0,391.5,270.64118427350576
17096.599609375,17132.849609375,16623.94921875,16677.599609375,40.03198981452486,17183.4833930909,17221.483547562646,17092.689443815525,-172.099609375,0,16682.650390625,16923.85,1,1,5.05078125,285.5324757854524
16854.75,16945.69921875,16651.849609375,16682.650390625,40.14648228072784,17135.78501190367,17210.81358405893,17087.258462978563,-4.30078125,0,16411.25,16689.67,1,0,271.400390625,286.05229961664276
16415.55078125,16484.19921875,16340.900390625,16411.25,36.170644542939044,17066.781677436655,17194.980641800335,17078.304708502026,74.1494140625,1,16301.849609375,16564.164,1,0,109.400390625,289.5334246111947
16227.7001953125,16403.69921875,16142.099609375,16301.849609375,34.68703387898481,16993.931004287926,17177.29487878201,17068.020535003656,-8.8505859375,0,16240.0498046875,16329.937,1,0,61.7998046875,288.25947856428894
16248.900390625,16404.55078125,16197.2998046875,16240.0498046875,33.846776253846734,16922.13279480217,17158.7355703841,17057.05403526437,-102.9501953125,0,16167.099609375,16098.622,0,0,72.9501953125,283.196423258489
16270.0498046875,16318.75,15992.599609375,16167.099609375,32.84063394972589,16850.224872380535,17139.09921472055,17045.266559424774,-213.099609375,0,15808.0,15959.228,0,0,359.099609375,285.88105811484286
16021.099609375,16041.9501953125,15735.75,15808.0,28.38966943419587,16750.965360725248,17112.740814429053,17028.8789228761,-194.849609375,0,15782.150390625,15872.472,1,0,25.849609375,294.9728803376477
15977.0,16083.599609375,15740.849609375,15782.150390625,28.09597950627617,16658.69726833475,17086.392489205213,17012.365962184034,-2.7998046875,0,15842.2998046875,15641.427,0,1,60.1494140625,297.9589619459637
15845.099609375,15977.9501953125,15739.650390625,15842.2998046875,29.903834600640067,16580.945128939773,17061.756990501894,16996.86839718408,346.7001953125,1,16259.2998046875,15512.459,0,1,417.0,294.2302510032912
15912.599609375,16284.25,15900.7998046875,16259.2998046875,40.93472459134711,16550.312240915748,17045.866749198638,16987.099276753663,-77.8505859375,0,16240.2998046875,15483.472,0,0,19.0,303.4627791249783
16318.150390625,16399.80078125,16211.2001953125,16240.2998046875,40.622645077628185,16520.787246989246,17029.91492851525,16977.207893017687,-108.0,0,15809.400390625,15789.623,0,0,430.8994140625,296.2838690136141
15917.400390625,15984.75,15775.2001953125,15809.400390625,34.27347385487605,16453.0361178117,17005.74632380455,16961.740243979373,222.3505859375,1,16266.150390625,15903.128,1,1,456.75,306.8348845283049
16043.7998046875,16283.0498046875,16003.849609375,16266.150390625,44.18161110297438,16435.23747712725,16991.100859781192,16952.527133338917,-76.25,0,16214.7001953125,15654.887,0,0,51.4501953125,317.260822029643
16290.9501953125,16414.69921875,16185.75,16214.7001953125,43.39214381921336,16414.233926478228,16975.726589197653,16942.754591113404,-100.3994140625,0,16125.150390625,15883.221,0,0,89.5498046875,311.74133223037643
16225.5498046875,16262.7998046875,16078.599609375,16125.150390625,41.99285043029991,16386.70216115887,16958.88349615661,16931.92539640495,-170.5498046875,0,16025.7998046875,15931.317,0,0,99.3505859375,303.769991413022
16196.349609375,16223.349609375,16006.9501953125,16025.7998046875,40.44258660750035,16352.330508161598,16940.406591375042,16919.923732938496,65.150390625,1,16170.150390625,15900.084,0,1,144.3505859375,298.30931763828806
16105.0,16204.4501953125,15903.7001953125,16170.150390625,43.679338044914495,16334.98002077716,16925.153993340387,16909.992960192623,55.8505859375,1,16352.4501953125,15850.451,0,1,182.2998046875,298.46186061824073
16296.599609375,16370.599609375,16221.9501953125,16352.4501953125,47.53727595860393,16336.643846923384,16913.81332407251,16902.608287810104,133.5,1,16661.400390625,15877.239,0,1,308.9501953125,292.33605798932086
16527.900390625,16695.5,16506.150390625,16661.400390625,53.34078191330501,16367.573041561633,16908.815048162658,16899.41348122487,6.1015625,1,16584.55078125,16024.872,0,0,76.849609375,295.50567322737345
16578.44921875,16690.75,16521.900390625,16584.55078125,51.813227610599284,16388.23758819862,16902.393973570328,16895.243114337787,-71.650390625,0,16522.75,16289.165,0,0,61.80078125,287.58965502580276
16594.400390625,16649.19921875,16438.849609375,16522.75,50.56553553823131,16401.048294084463,16894.87627112339,16890.309430704176,146.349609375,1,16628.0,16372.715,0,1,105.25,282.76214404794865
16481.650390625,16646.400390625,16443.05078125,16628.0,52.64625010513088,16422.662742266893,16889.591592487282,16886.835133608758,-177.349609375,0,16584.30078125,16361.347,0,0,43.69921875,277.79885279976764
16761.650390625,16793.849609375,16567.900390625,16584.30078125,51.678622183179684,16438.056841217665,16883.54622988852,16882.828056094073,38.8515625,1,16569.55078125,16408.45,0,0,14.75,274.55824587816693
16530.69921875,16610.94921875,16444.55078125,16569.55078125,51.33738506643159,16450.580073601697,16877.328498232313,16878.678688215346,-53.25,0,16416.349609375,16429.135,0,0,153.201171875,267.7982484801355
16469.599609375,16487.25,16347.099609375,16416.349609375,47.82325554011861,16447.32002938963,16868.200203403456,16872.555124257196,-118.69921875,0,16356.25,16400.283,0,0,60.099609375,264.9640525076503
16474.94921875,16514.30078125,16293.349609375,16356.25,46.485806699268515,16438.646693257284,16858.062575613287,16865.716645790217,214.25,1,16478.099609375,16289.251,0,1,121.849609375,262.2132441153713
16263.849609375,16492.80078125,16243.849609375,16478.099609375,49.55065703334835,16442.404113839923,16850.538556479853,16860.5826453079,-82.150390625,0,16201.7998046875,16188.499,0,0,276.2998046875,261.38436365323355
16283.9501953125,16324.7001953125,16172.599609375,16201.7998046875,43.498205882414396,16419.48941773017,16837.69224456317,16851.85704476988,-103.1494140625,0,15774.400390625,16236.858,1,0,427.3994140625,264.1415938785284
15877.5498046875,15886.150390625,15684.0,15774.400390625,36.17491951669652,16358.052367529677,16816.636960326774,16837.58609570836,57.849609375,1,15732.099609375,16056.525,1,0,42.30078125,279.9952479755358
15674.25,15858.0,15659.4501953125,15732.099609375,35.54041480127153,16298.437819133993,16795.160973179212,16822.943890591363,-37.099609375,0,15692.150390625,15670.467,0,0,39.94921875,274.9049029774285
15729.25,15783.650390625,15678.900390625,15692.150390625,34.92064184277106,16240.696159275993,16773.31917946527,16807.966493240816,-471.650390625,0,15360.599609375,15503.023,0,0,331.55078125,264.2702121544742
15832.25,15863.150390625,15335.099609375,15360.599609375,30.232608052688477,16156.877440237802,16745.344534512988,16788.79607093796,20.849609375,1,15293.5,15395.628,1,0,67.099609375,280.756511365325
15272.650390625,15400.400390625,15183.400390625,15293.5,29.377432049205552,16074.651017358012,16716.59513778996,16768.99082496527,15.650390625,1,15350.150390625,15221.867,0,1,56.650390625,276.77172631367796
15334.5,15382.5,15191.099609375,15350.150390625,31.139395373326973,16005.650957669153,16689.53682596491,16750.198236430962,182.849609375,1,15638.7998046875,15049.272,0,1,288.6494140625,271.43601395250823
15455.9501953125,15707.25,15419.849609375,15638.7998046875,39.394061874615446,15970.712752623282,16668.73015227625,16735.47772740125,-132.3505859375,0,15413.2998046875,14991.929,0,0,225.5,276.78999231695656
15545.650390625,15565.400390625,15385.9501953125,15413.2998046875,35.80176494966537,15917.625805200827,16643.870145393303,16717.96543703418,105.1005859375,1,15556.650390625,15180.599,0,1,143.3505859375,275.29371742663164
15451.5498046875,15628.4501953125,15367.5,15556.650390625,39.5559133237179,15883.247194288844,16622.341041338485,16702.58378079035,41.849609375,1,15699.25,15143.926,0,1,142.599609375,274.39724675726944
15657.400390625,15749.25,15619.4501953125,15699.25,43.102139010554595,15865.72365197562,16604.062010816928,16689.294591640813,-94.150390625,0,15832.0498046875,15205.205,0,1,132.7998046875,269.2848915486711
15926.2001953125,15927.4501953125,15815.5,15832.0498046875,46.248752660279116,15862.516618900561,16588.774640398522,16677.94035605203,92.75,1,15850.2001953125,15354.364,0,1,18.150390625,266.7170966814448
15757.4501953125,15892.099609375,15710.150390625,15850.2001953125,46.68055487631918,15861.34362617789,16574.149403862164,16666.97691021442,97.3994140625,1,15799.099609375,15520.679,0,0,51.1005859375,261.41910169466325
15701.7001953125,15861.599609375,15687.7998046875,15799.099609375,45.57612823189579,15855.415624577614,16558.80188317925,16655.481846627143,5.75,1,15780.25,15588.249,0,0,18.849609375,255.94289309665433
15774.5,15890.0,15728.849609375,15780.25,45.15391101698428,15848.25699366546,16543.385014205403,16643.88937183738,48.349609375,1,15752.0498046875,15557.432,0,0,28.2001953125,250.01835912098733
15703.7001953125,15793.9501953125,15511.0498046875,15752.0498046875,44.49320961418607,15839.094404238987,16527.715010056534,16632.076927239366,124.849609375,1,15835.349609375,15525.298,0,1,83.2998046875,252.073486926149
15710.5,15852.349609375,15661.7998046875,15835.349609375,46.949903930583005,15838.737757109084,16514.004804102446,16621.524247532554,-98.30078125,0,15810.849609375,15484.943,0,0,24.5,248.2282553195216
15909.150390625,16025.75,15785.4501953125,15810.849609375,46.30408666348997,15836.08174303917,16500.080938860316,16610.786835106624,171.599609375,1,15989.7998046875,15541.392,0,1,178.9501953125,247.73272697782093
15818.2001953125,16011.349609375,15800.900390625,15989.7998046875,51.522565087678714,15850.72155843425,16489.976361946003,16602.561841326242,19.150390625,1,16132.900390625,15568.231,0,1,143.1005859375,245.40250693238292
16113.75,16150.5,16045.9501953125,16132.900390625,55.24887581401626,15877.595732928608,16482.905550632717,16596.34115986,-53.05078125,0,16220.599609375,15724.196,0,1,87.69921875,240.1086107923003
